{"cameraMode":{"drawMode":0,"name":"Shaded","section":"Shading Mode"},"sceneLighting":true,"audioPlay":false,"sceneViewState":{"m_AlwaysRefresh":false,"showFog":true,"showSkybox":true,"showFlares":true,"showImageEffects":true,"showParticleSystems":true,"showVisualEffectGraphs":true,"m_FxEnabled":true},"in2DMode":false,"pivot":{"x":-8.025598526000977,"y":-0.20524123311042787,"z":-3.111459255218506},"rotation":{"x":0.20230422914028169,"y":-0.07453503459692002,"z":0.015444151125848294,"w":0.9763699173927307},"size":6.5764007568359379,"orthographic":false}